<?xml version="1.0" encoding="UTF-8"?><bookmarks><file xmlns="http://www.w3.org/1999/xhtml" absolutepath="/Users/Gustav/Dropbox/Reconstruction_and_analysis_tools/Matlab/MRI-apps/T1mapping-3D/T1map.mlapp"></file><file xmlns="http://www.w3.org/1999/xhtml" absolutepath="/Users/Gustav/Dropbox/Reconstruction_and_analysis_tools/Matlab/MRI-apps/Retrospective8.1/retrospective.mlapp"></file><file xmlns="http://www.w3.org/1999/xhtml" absolutepath="/Users/Gustav/Dropbox/Reconstruction_and_analysis_tools/Matlab/MRI-apps/Retrospective8.1/@retroKspace/retroKspace.m"></file><file xmlns="http://www.w3.org/1999/xhtml" absolutepath="/Users/Gustav/Dropbox/Reconstruction_and_analysis_tools/Matlab/MRI-apps/Retrospective8.1/@retroReco/retroReco.m"></file><file xmlns="http://www.w3.org/1999/xhtml" absolutepath="/Users/Gustav/Dropbox/Reconstruction_and_analysis_tools/Matlab/MRI-apps/Retrospective8.1/Functions/import/importb.m"></file><file xmlns="http://www.w3.org/1999/xhtml" absolutepath="/Users/Gustav/Dropbox/Reconstruction_and_analysis_tools/Matlab/MRI-apps/RealTimeCine/RealTimeCine.mlapp"></file><file xmlns="http://www.w3.org/1999/xhtml" absolutepath="/Users/Gustav/Dropbox/Reconstruction_and_analysis_tools/Matlab/FibersAndTendons/fibersandtendons.m"></file><file xmlns="http://www.w3.org/1999/xhtml" absolutepath="/Users/Gustav/Dropbox/Reconstruction_and_analysis_tools/Matlab/FibersAndTendons/createFitPol.m"></file><file xmlns="http://www.w3.org/1999/xhtml" absolutepath="/Users/Gustav/Dropbox/Reconstruction_and_analysis_tools/Matlab/FibersAndTendons/createFitCubSpline.m"></file><file xmlns="http://www.w3.org/1999/xhtml" absolutepath="/Users/Gustav/Dropbox/Reconstruction_and_analysis_tools/Matlab/Bedrest-study/bedrest.m"></file><file xmlns="http://www.w3.org/1999/xhtml" absolutepath="/Users/Gustav/Dropbox/Reconstruction_and_analysis_tools/Matlab/Bedrest-study/analyzedata.m"></file><file xmlns="http://www.w3.org/1999/xhtml" absolutepath="/Users/Gustav/Dropbox/Reconstruction_and_analysis_tools/Matlab/Bedrest-study/scripts/AHA5.m"></file><file xmlns="http://www.w3.org/1999/xhtml" absolutepath="/Users/Gustav/Dropbox/Reconstruction_and_analysis_tools/Matlab/Bedrest-study/scripts/doit.m"></file><file xmlns="http://www.w3.org/1999/xhtml" absolutepath="/Users/Gustav/Dropbox/Reconstruction_and_analysis_tools/Matlab/MRI-apps/Retrospective8.1/@retroData/retroData.m"></file><file xmlns="http://www.w3.org/1999/xhtml" absolutepath="/Users/Gustav/Dropbox/Reconstruction_and_analysis_tools/Matlab/Bedrest-study/scripts/findpatientnumber.m"></file><file xmlns="http://www.w3.org/1999/xhtml" absolutepath="/Users/Gustav/Dropbox/Reconstruction_and_analysis_tools/Matlab/Bedrest-study/scripts/exportxlsx.m"></file><file xmlns="http://www.w3.org/1999/xhtml" absolutepath="/Users/Gustav/Dropbox/Reconstruction_and_analysis_tools/Matlab/MRI-apps/Retrospective8.1/Functions/bart/writecfl.m"></file><file xmlns="http://www.w3.org/1999/xhtml" absolutepath="/Users/Gustav/Dropbox/Reconstruction_and_analysis_tools/Matlab/MRI-apps/Retrospective8.1/Functions/bart/readcfl.m"></file><file xmlns="http://www.w3.org/1999/xhtml" absolutepath="/Users/Gustav/Dropbox/Reconstruction_and_analysis_tools/Matlab/MRI-apps/Retrospective8.1/Functions/bart/bart.m"></file><file xmlns="http://www.w3.org/1999/xhtml" absolutepath="/Users/Gustav/Dropbox/Reconstruction_and_analysis_tools/Matlab/MRI-apps/PROUD3/@proudData/proudData.m"></file><file xmlns="http://www.w3.org/1999/xhtml" absolutepath="/Users/Gustav/Dropbox/Reconstruction_and_analysis_tools/Matlab/MRI-apps/PROUD3/P2ROUD.mlapp"></file><file xmlns="http://www.w3.org/1999/xhtml" absolutepath="/Users/Gustav/Dropbox/Reconstruction_and_analysis_tools/Matlab/MRI-apps/PROUD3/Functions/Import/Get_mrd_3D5.m"></file><file xmlns="http://www.w3.org/1999/xhtml" absolutepath="/Users/Gustav/Dropbox/Reconstruction_and_analysis_tools/Matlab/MRI-apps/PROUD3/Functions/Export/exportDicomDCM.m"></file><file xmlns="http://www.w3.org/1999/xhtml" absolutepath="/Users/Gustav/Dropbox/Reconstruction_and_analysis_tools/Matlab/MRI-apps/PROUD3/Functions/Export/exportDicomMRD.m"></file><file xmlns="http://www.w3.org/1999/xhtml" absolutepath="/Users/Gustav/Dropbox/Reconstruction_and_analysis_tools/Matlab/MRI-apps/PROUD3/Functions/Export/exportGif.m"></file><file xmlns="http://www.w3.org/1999/xhtml" absolutepath="/Users/Gustav/Dropbox/Reconstruction_and_analysis_tools/Matlab/MRI-apps/Retrospective8/Functions/export/retroExportDicomDcm.m"></file><file xmlns="http://www.w3.org/1999/xhtml" absolutepath="/Users/Gustav/Dropbox/Reconstruction_and_analysis_tools/Matlab/MRI-apps/Retrospective8/Functions/export/retroExportDicomMat.m"></file><file xmlns="http://www.w3.org/1999/xhtml" absolutepath="/Users/Gustav/Dropbox/Reconstruction_and_analysis_tools/Matlab/MRI-apps/Retrospective8/retrospective.mlapp"></file><file xmlns="http://www.w3.org/1999/xhtml" absolutepath="/Users/Gustav/Dropbox/Reconstruction_and_analysis_tools/Matlab/MRI-apps/Retrospective8/mrdpath.txt"></file><file xmlns="http://www.w3.org/1999/xhtml" absolutepath="/Users/Gustav/Dropbox/Reconstruction_and_analysis_tools/Matlab/old and backup/Retrospective_old/Retrospective8/retrospective.mlapp"></file><file xmlns="http://www.w3.org/1999/xhtml" absolutepath="/Users/Gustav/Dropbox/Reconstruction_and_analysis_tools/Matlab/MRI-apps/Retrospective8/@retroData/retroData.m"></file><file xmlns="http://www.w3.org/1999/xhtml" absolutepath="/Users/Gustav/Dropbox/Reconstruction_and_analysis_tools/Matlab/MRI-apps/T1mapping-3D/T1mapp.mlapp"></file><file xmlns="http://www.w3.org/1999/xhtml" absolutepath="/Users/Gustav/Dropbox/Reconstruction_and_analysis_tools/Matlab/MRI-apps/T1mapping-3D/reconstruction/fft3reco.m"></file><file xmlns="http://www.w3.org/1999/xhtml" absolutepath="/Users/Gustav/Dropbox/Reconstruction_and_analysis_tools/Matlab/MRI-apps/T1mapping-3D/reconstruction/fft3reco.asv"></file><file xmlns="http://www.w3.org/1999/xhtml" absolutepath="/Users/Gustav/Dropbox/Reconstruction_and_analysis_tools/Matlab/MRI-apps/T1mapping-3D/reconstruction/fft2reco.m"></file><file xmlns="http://www.w3.org/1999/xhtml" absolutepath="/Users/Gustav/Dropbox/Reconstruction_and_analysis_tools/Matlab/MRI-apps/PROUD3/Trajectories/radialtrajectory.m"></file><file xmlns="http://www.w3.org/1999/xhtml" absolutepath="/Users/Gustav/Dropbox/Reconstruction_and_analysis_tools/Matlab/MRI-apps/Retrospective8/@retroNav/retroNav.m"></file><file xmlns="http://www.w3.org/1999/xhtml" absolutepath="/Users/Gustav/Dropbox/Reconstruction_and_analysis_tools/Matlab/Bedrest-study-MATLAB/analyzedata.m"></file><file xmlns="http://www.w3.org/1999/xhtml" absolutepath="/Users/Gustav/Dropbox/Reconstruction_and_analysis_tools/Matlab/Bedrest-study-MATLAB/bedrest.m"></file><file xmlns="http://www.w3.org/1999/xhtml" absolutepath="/Users/Gustav/Dropbox/Reconstruction_and_analysis_tools/Matlab/MRI-apps/T2mapping-2D/T2map.mlapp"></file><file xmlns="http://www.w3.org/1999/xhtml" absolutepath="/Users/Gustav/Dropbox/Reconstruction_and_analysis_tools/Matlab/MRI-apps/T2mapping-2D/fitting/dotheT2fit_single.m"></file><file xmlns="http://www.w3.org/1999/xhtml" absolutepath="/Users/Gustav/Dropbox/Reconstruction_and_analysis_tools/Matlab/MRI-apps/T2mapping-2D/fitting/dotheT2fit_slice.m"></file><file xmlns="http://www.w3.org/1999/xhtml" absolutepath="/Users/Gustav/Dropbox/Reconstruction_and_analysis_tools/Matlab/MRI-apps/T2mapping-2D/T2mapp.mlapp"></file><file xmlns="http://www.w3.org/1999/xhtml" absolutepath="/Users/Gustav/Dropbox/Reconstruction_and_analysis_tools/Matlab/NY-CSrecoBada/CS FLASH Cardiac Cine final/CS_Cine_GS.m"></file><file xmlns="http://www.w3.org/1999/xhtml" absolutepath="/Users/Gustav/Dropbox/Reconstruction_and_analysis_tools/Matlab/NY-CSrecoBada/CS FLASH Cardiac Cine final/CS_Cine.m"></file><file xmlns="http://www.w3.org/1999/xhtml" absolutepath="/Users/Gustav/Dropbox/Reconstruction_and_analysis_tools/Matlab/NY-CSrecoBada/CS FLASH Cardiac Cine final/nlconj_grad.m"></file><file xmlns="http://www.w3.org/1999/xhtml" absolutepath="/Users/Gustav/Dropbox/Reconstruction_and_analysis_tools/Matlab/MRI-apps/Retrospective8/Functions/export/retroExportGif.m"></file></bookmarks>